{
    "user": [
        {
            "name": "Leanne Graham",
            "username": "Bret",
            "address": "India",
            "email": "aaa@april.biz",
            "contact": "9999999999",
            "id": 1
        },
        {
            "name": "Raj Graham",
            "username": "Bret",
            "address": "India",
            "email": "bbb@april.biz",
            "contact": "9999999999",
            "id": 2
        },
        {
            "name": "Suman Graham",
            "username": "Bret",
            "address": "India",
            "email": "ccc@april.biz",
            "contact": "9999999999",
            "id": 3
        },
        {
            "name": "Pratik Graham",
            "username": "Bret",
            "address": "India",
            "email": "ddd@april.biz",
            "contact": "9999999999",
            "id": 4
        },
        {
            "name": "Raghava Graham",
            "username": "Bret",
            "address": "India",
            "email": "eee@april.biz",
            "contact": "9999999999",
            "id": 5
        }
    ]
}